ModuleUnit,Name,Word1 Definition,Word1 Sentence,Word2 Definition,Word2 Sentence,Word3 Definition,Word3 Sentence,Word4 Definition,Word4 Sentence,Word5 Definition,Word5 Sentence,Total
M1U1: Volcanoes,Liam Johnson,2,1,1,0,2,2,1,1,,,10
M1U1: Volcanoes,Olivia Martinez,1,0,2,1,1,1,2,0,,,8
M1U1: Volcanoes,Ethan Lee,2,2,0,1,1,2,1,1,,,10
M1U1: Volcanoes,Sophia Chen,0,1,2,2,1,0,1,2,,,9
M1U1: Volcanoes,Noah Kim,1,2,1,0,2,1,0,2,,,9
M1U1: Volcanoes,Emma Davis,2,0,1,1,2,0,2,1,,,9
M1U1: Volcanoes,Aiden Brooks,1,1,2,2,0,1,1,0,,,8
M1U1: Volcanoes,Isabella Torres,0,2,1,1,2,1,0,2,,,9
M1U1: Volcanoes,Mason White,1,1,0,2,1,2,2,1,,,10
M1U1: Volcanoes,Charlotte Garcia,2,0,1,2,1,0,2,1,,,9
M1U1: Volcanoes,James Brown,1,2,1,0,2,1,1,1,,,9
M1U1: Volcanoes,Mia Wilson,2,1,0,2,1,1,0,2,,,9
M1U1: Volcanoes,Alexander Scott,1,1,2,0,1,2,1,1,,,9
M1U1: Volcanoes,Amelia Thomas,0,2,1,2,1,0,2,1,,,9
M1U1: Volcanoes,Daniel Martinez,2,1,1,1,0,2,1,0,,,8
M1U1: Volcanoes,Ella Johnson,1,0,2,1,2,1,1,2,,,10
M1U1: Volcanoes,Jacob Lewis,2,1,1,0,1,2,1,1,,,9
M1U1: Volcanoes,Harper Clark,1,2,0,1,2,1,0,2,,,9
M1U2: Rocks,Liam Johnson,2,1,0,1,2,2,1,1,2,1,13
M1U2: Rocks,Olivia Martinez,1,0,2,2,1,1,0,2,1,2,11
M1U2: Rocks,Ethan Lee,2,1,1,0,2,1,1,1,2,0,11
M1U2: Rocks,Sophia Chen,0,2,1,1,2,0,1,2,1,1,10
M1U2: Rocks,Noah Kim,1,1,2,0,1,2,2,1,1,0,11
M1U2: Rocks,Emma Davis,2,0,1,2,1,1,0,2,1,1,10
M1U2: Rocks,Aiden Brooks,1,2,0,1,2,1,1,2,0,1,11
M1U2: Rocks,Isabella Torres,0,1,2,1,1,2,0,1,2,1,11
M1U2: Rocks,Mason White,1,2,1,0,2,1,1,1,0,2,11
M1U2: Rocks,Charlotte Garcia,2,1,0,2,1,2,1,0,2,1,12
M1U2: Rocks,James Brown,1,0,2,1,2,1,0,2,1,2,12
M1U2: Rocks,Mia Wilson,2,1,1,0,1,2,1,1,2,0,11
M1U2: Rocks,Alexander Scott,1,2,0,1,2,1,1,2,0,1,11
M1U2: Rocks,Amelia Thomas,0,1,2,2,1,0,2,1,1,1,11
M1U2: Rocks,Daniel Martinez,2,0,1,2,1,1,0,2,1,1,10
M1U2: Rocks,Ella Johnson,1,2,1,0,2,1,1,1,0,2,10
M1U2: Rocks,Jacob Lewis,2,1,1,0,1,2,1,1,2,0,11
M1U2: Rocks,Harper Clark,1,0,2,1,2,1,0,2,1,1,10
M1U3: Extreme Weather,Liam Johnson,1,2,1,0,2,1,1,2,2,1,13
M1U3: Extreme Weather,Olivia Martinez,2,0,1,2,0,1,2,1,1,2,12
M1U3: Extreme Weather,Ethan Lee,1,1,2,0,1,2,0,1,2,1,11
M1U3: Extreme Weather,Sophia Chen,0,2,1,1,2,0,1,2,1,1,10
M1U3: Extreme Weather,Noah Kim,1,1,0,2,1,2,1,1,0,2,10
M1U3: Extreme Weather,Emma Davis,2,0,1,2,1,1,0,2,1,1,10
M1U3: Extreme Weather,Aiden Brooks,1,2,0,1,2,1,1,2,0,1,11
M1U3: Extreme Weather,Isabella Torres,0,1,2,1,1,2,0,1,2,1,11
M1U3: Extreme Weather,Mason White,1,2,1,0,2,1,1,1,0,2,11
M1U3: Extreme Weather,Charlotte Garcia,2,1,0,2,1,2,1,0,2,1,12
M1U3: Extreme Weather,James Brown,1,0,2,1,2,1,0,2,1,2,12
M1U3: Extreme Weather,Mia Wilson,2,1,1,0,1,2,1,1,2,0,11
M1U3: Extreme Weather,Alexander Scott,1,2,0,1,2,1,1,2,0,1,11
M1U3: Extreme Weather,Amelia Thomas,0,1,2,2,1,0,2,1,1,1,11
M1U3: Extreme Weather,Daniel Martinez,2,0,1,2,1,1,0,2,1,1,10
M1U3: Extreme Weather,Ella Johnson,1,2,1,0,2,1,1,1,0,2,10
M1U3: Extreme Weather,Jacob Lewis,2,1,1,0,1,2,1,1,2,0,11
M1U3: Extreme Weather,Harper Clark,1,0,2,1,2,1,0,2,1,1,10
M3U1: Reptiles & Fish,Liam Johnson,2,1,1,0,2,1,0,2,,,9
M3U1: Reptiles & Fish,Olivia Martinez,1,2,0,1,2,1,1,0,,,8
M3U1: Reptiles & Fish,Ethan Lee,2,0,1,2,1,1,2,1,,,10
M3U1: Reptiles & Fish,Sophia Chen,1,1,2,0,1,2,0,1,,,8
M3U1: Reptiles & Fish,Noah Kim,0,2,1,1,2,0,1,2,,,9
M3U1: Reptiles & Fish,Emma Davis,1,0,2,1,0,2,1,1,,,8
M3U1: Reptiles & Fish,Aiden Brooks,2,1,0,2,1,1,0,2,,,9
M3U1: Reptiles & Fish,Isabella Torres,1,2,1,0,2,1,1,0,,,8
M3U1: Reptiles & Fish,Mason White,2,0,1,2,1,0,2,1,,,9
M3U1: Reptiles & Fish,Charlotte Garcia,1,1,2,0,1,2,0,1,,,8
M3U1: Reptiles & Fish,James Brown,0,2,1,1,2,0,1,2,,,9
M3U1: Reptiles & Fish,Mia Wilson,1,0,2,1,1,0,2,1,,,8
M3U1: Reptiles & Fish,Alexander Scott,2,1,0,2,1,1,0,2,,,9
M3U1: Reptiles & Fish,Amelia Thomas,1,2,1,0,2,1,1,0,,,8
M3U1: Reptiles & Fish,Daniel Martinez,2,0,1,2,1,1,0,2,,,8
M3U1: Reptiles & Fish,Ella Johnson,1,1,2,0,1,2,0,1,,,7
M3U1: Reptiles & Fish,Jacob Lewis,0,2,1,1,2,0,1,2,,,8
M3U1: Reptiles & Fish,Harper Clark,1,0,2,1,1,0,2,1,,,8