Module,Top Words to Review,Top Mastered Words
Module 1,ReviewM1,Mastered
Module 1,ReviewM1,Mastered
Module 1,ReviewM1,Mastered
Module 1,ReviewM1,Mastered
Module 1,ReviewM1,Mastered
Module 2,ReviewM2,Mastered
Module 2,ReviewM2,Mastered
Module 2,ReviewM2,Mastered
Module 2,ReviewM2,Mastered
Module 2,ReviewM2,Mastered
Module 3,ReviewM3,Mastered
Module 3,ReviewM3,Mastered
Module 3,ReviewM3,Mastered
Module 3,ReviewM3,Mastered
Module 3,ReviewM3,Mastered
Module 4,ReviewM4,Mastered
Module 4,ReviewM4,Mastered
Module 4,ReviewM4,Mastered
Module 4,ReviewM4,Mastered
Module 4,ReviewM4,Mastered